Temperatura inicial,Taxa de resfriamento,Máximo de iterações,Média dos custos,Melhor custo,Média do tempo (ms)
1000,0.7,1000,482.8072979545639,443.586267616006,16.45205020904541
1000,0.7,2000,490.7061809645641,415.9078884691446,30.55100440979004
1000,0.7,4000,495.27186913151144,419.5894039044664,61.01982593536377
1000,0.7,6000,496.5605110425034,438.3225885253562,91.29552841186523
1000,0.7,8000,501.39140235397855,425.0233100992682,122.85246849060059
1000,0.7,10000,494.4805774786297,434.9449646109371,151.25808715820312
1000,0.7,12000,508.2697809098245,435.6469901805871,179.77120876312256
1000,0.7,14000,500.94611120499377,439.1567738213299,209.1641664505005
1000,0.7,16000,490.4329480220611,433.76502103988116,240.844988822937
1000,0.7,18000,495.5282574076117,443.84420014443697,271.0038661956787
1000,0.7,20000,484.46814535674673,416.6267269195289,299.79045391082764
1000,0.8,1000,501.69763966683394,444.0204898968837,15.241217613220215
1000,0.8,2000,491.30925425255316,445.73933092201855,30.446672439575195
1000,0.8,4000,502.8061989901251,418.2879701845671,59.55319404602051
1000,0.8,6000,491.43116463096095,411.7638360247394,90.24112224578857
1000,0.8,8000,471.26810571460044,409.82127656328623,119.63925361633301
1000,0.8,10000,498.5069804496026,441.30480864963863,150.85794925689697
1000,0.8,12000,499.73060182895244,438.6211329910754,180.48055171966553
1000,0.8,14000,498.7353644531137,464.1626168257834,208.30895900726318
1000,0.8,16000,476.18129679710216,423.222772176287,239.4967794418335
1000,0.8,18000,506.6384182166652,456.60221999695693,268.4397220611572
1000,0.8,20000,464.83626854908596,389.8682733538155,299.23717975616455
1000,0.8,1000,487.3164804569031,449.8336371739691,15.02988338470459
1000,0.8,2000,477.262804122526,425.5950671900659,30.04772663116455
1000,0.8,4000,493.81886279546944,412.929936057001,59.44645404815674
1000,0.8,6000,493.2465739853519,450.9125743940177,88.7761116027832
1000,0.8,8000,497.1286257349072,426.80861744823824,119.19310092926025
1000,0.8,10000,479.1361939270534,420.8910957256072,149.2659568786621
1000,0.8,12000,481.07527962830073,406.55074921947096,180.40258884429932
1000,0.8,14000,492.31204054444123,450.75681048116735,209.76853370666504
1000,0.8,16000,504.3909434266834,466.9129194206392,240.19124507904053
1000,0.8,18000,483.9237238972655,423.93333792507275,272.8144884109497
1000,0.8,20000,493.4301214313217,457.4668661699831,301.83565616607666
1000,0.9,1000,506.312280338715,438.5618066678706,14.975619316101074
1000,0.9,2000,498.09775189819237,452.0473630527832,30.28559684753418
1000,0.9,4000,491.466707873163,375.2797871480125,60.16068458557129
1000,0.9,6000,497.18232138904125,430.2711549531598,89.18120861053467
1000,0.9,8000,507.07706566751057,421.6051198408931,120.86014747619629
1000,0.9,10000,494.74781451685396,448.96754848174106,149.4570016860962
1000,0.9,12000,476.8214042262522,424.12091853176645,181.29329681396484
1000,0.9,14000,501.99429312443135,411.51432749069824,210.390305519104
1000,0.9,16000,467.7109968371964,423.3174723395847,237.0656967163086
1000,0.9,18000,472.24763923665324,429.2825651658302,269.918155670166
1000,0.9,20000,497.41852699593016,459.61949891461904,300.0429153442383
1000,0.9,1000,513.344187501121,443.17328670128944,14.991092681884766
1000,0.9,2000,461.71121204603077,413.39226902243735,30.09169101715088
1000,0.9,4000,490.4663136324469,402.0005614714033,60.08899211883545
1000,0.9,6000,493.638785169892,421.5410950451947,90.47610759735107
1000,0.9,8000,482.6513120150859,420.10028616536044,119.65477466583252
1000,0.9,10000,490.1353728625662,440.46986100934,149.8021125793457
1000,0.9,12000,481.93688006540395,447.6733501037079,180.6305170059204
1000,0.9,14000,509.4967072262093,440.26422963814014,207.6852560043335
1000,0.9,16000,481.9188005093388,415.84121566220665,239.07594680786133
1000,0.9,18000,487.66097797252803,450.0264072302203,268.30716133117676
1000,0.9,20000,491.83973125153807,462.40686618667667,300.13463497161865
1000,0.99,1000,492.88801324792286,436.4285637535324,14.980602264404297
1000,0.99,2000,482.67680582523064,428.1381942980214,29.918575286865234
1000,0.99,4000,486.2145248048888,450.01961746205853,60.3069543838501
1000,0.99,6000,488.1550201865357,428.36769033954937,90.08264541625977
1000,0.99,8000,464.7559363986305,442.8807321672083,119.7723388671875
1000,0.99,10000,458.79341298940716,416.3838902993604,149.11227226257324
1000,0.99,12000,466.4144035026278,422.6005962318269,177.8003692626953
1000,0.99,14000,467.953165957064,425.5292470500929,207.05053806304932
1000,0.99,16000,471.1049572166847,409.3995800214826,239.27953243255615
1000,0.99,18000,458.140549182467,399.9468868737714,269.27685737609863
1000,0.99,20000,491.9418850246927,429.90742676378807,298.00331592559814
1000,0.998,1000,667.3408464683731,609.0656659583004,15.154051780700684
1000,0.998,2000,571.6828624386824,513.8538947575187,30.46584129333496
1000,0.998,4000,457.75427752958484,412.1784123889015,60.384440422058105
1000,0.998,6000,451.18176249376,413.9566862026049,90.43450355529785
1000,0.998,8000,457.3734415325597,397.6453237214713,119.46537494659424
1000,0.998,10000,466.2485504627599,441.3654290183185,150.08225440979004
1000,0.998,12000,466.3953611262188,407.3198925778608,178.79157066345215
1000,0.998,14000,456.35461105852926,399.7421274301925,208.96100997924805
1000,0.998,16000,456.32888654197166,415.7609857503163,238.68098258972168
1000,0.998,18000,446.8944856623895,398.37606763162484,267.73345470428467
1000,0.998,20000,460.3992412529651,414.3594537637321,298.9636182785034
1000,0.999,1000,656.065790896525,599.4371474309567,15.125513076782227
1000,0.999,2000,643.6126122599651,597.1360138924952,30.370163917541504
1000,0.999,4000,548.7694918658905,477.3918810064499,61.04698181152344
1000,0.999,6000,447.15271315351066,407.1466475396129,91.45126342773438
1000,0.999,8000,442.0038401369455,396.6052505080518,120.59624195098877
1000,0.999,10000,438.6959107379977,398.8014425891339,149.18153285980225
1000,0.999,12000,442.8758837488992,398.82737810933463,178.9172887802124
1000,0.999,14000,439.62056513026107,396.820148749591,212.19594478607178
1000,0.999,16000,448.6526946206617,403.5265260062915,239.99512195587158
1000,0.999,18000,425.189740548184,383.89151961027534,268.5363531112671
1000,0.999,20000,448.57819573423114,412.8128689006887,300.6162166595459
2000,0.7,1000,493.281830953626,426.7929211245248,15.064334869384766
2000,0.7,2000,494.7063739528444,444.823101936055,31.844139099121094
2000,0.7,4000,471.20894729865785,416.1416527370177,60.51216125488281
2000,0.7,6000,483.10588007687994,440.6790203959023,90.62747955322266
2000,0.7,8000,497.55209624723204,442.8127049323255,120.49720287322998
2000,0.7,10000,476.20072305593686,444.210275566477,151.95250511169434
2000,0.7,12000,480.1155362671161,421.56915797171376,182.49194622039795
2000,0.7,14000,478.93329711948826,418.0940874166457,212.56444454193115
2000,0.7,16000,471.46960157315317,427.37881597208445,244.24467086791992
2000,0.7,18000,503.54102380017287,461.9628812729819,274.2940664291382
2000,0.7,20000,483.7099401524653,433.18522000139586,305.3752660751343
2000,0.8,1000,505.7490109308875,453.19919234680003,15.345525741577148
2000,0.8,2000,512.4746676324951,436.1085781858832,30.36973476409912
2000,0.8,4000,500.7454780057428,475.3246656551822,60.28742790222168
2000,0.8,6000,502.6111802377187,422.3675054248034,91.10445976257324
2000,0.8,8000,457.7090804876999,402.1012245037371,120.75619697570801
2000,0.8,10000,493.87999256073954,449.3059335140431,152.13069915771484
2000,0.8,12000,476.17203149929185,412.50371925890636,181.98881149291992
2000,0.8,14000,497.3612948471761,394.6669891880357,212.40670680999756
2000,0.8,16000,501.9514215347423,453.5514079252881,242.12491512298584
2000,0.8,18000,488.73346380194226,436.8833233278165,273.1382131576538
2000,0.8,20000,494.1080193938058,438.53630566661286,301.2563705444336
2000,0.8,1000,515.7544334761171,449.4142174859951,15.228748321533203
2000,0.8,2000,508.6628823835833,450.0005199853068,30.46247959136963
2000,0.8,4000,463.4027753733602,391.0041859147306,60.39741039276123
2000,0.8,6000,490.5259239319058,452.1714933024346,91.59014225006104
2000,0.8,8000,488.46013189237874,423.20752117340965,122.87707328796387
2000,0.8,10000,502.94130352883184,430.7931704047307,152.8230905532837
2000,0.8,12000,478.9441957180196,446.0755713381328,183.2310438156128
2000,0.8,14000,491.29689876283635,450.5081335169343,211.4441156387329
2000,0.8,16000,489.4457198880779,432.8571481105616,240.8797025680542
2000,0.8,18000,469.3409427083726,439.66386167306604,270.95346450805664
2000,0.8,20000,486.67757323986314,419.9438571488098,302.2972822189331
2000,0.9,1000,504.52516517974937,460.3160161833061,14.91849422454834
2000,0.9,2000,487.16082728126577,431.95753909437894,30.265021324157715
2000,0.9,4000,489.4794202800443,433.3988393140415,59.609293937683105
2000,0.9,6000,490.7492999819381,414.5660223473478,89.45975303649902
2000,0.9,8000,499.7686702379673,441.57058604279854,119.17157173156738
2000,0.9,10000,492.55043041591296,442.8401224825179,149.8262882232666
2000,0.9,12000,486.5662685895434,424.12091853176645,178.13982963562012
2000,0.9,14000,492.17250192407647,404.76697236896587,207.24503993988037
2000,0.9,16000,469.9440452234754,415.81997823230427,241.84179306030273
2000,0.9,18000,496.8365366280797,451.4520689018251,273.14040660858154
2000,0.9,20000,488.9849989098308,455.1449816309807,302.2927761077881
2000,0.9,1000,509.23923943815714,438.0632846215426,15.169024467468262
2000,0.9,2000,506.4391877925361,458.6630293020155,30.1285982131958
2000,0.9,4000,519.7325175690655,429.1893650823183,60.06319522857666
2000,0.9,6000,478.6361388721756,417.9694249953739,90.15862941741943
2000,0.9,8000,472.4674295466888,409.3483614793874,120.59094905853271
2000,0.9,10000,460.57992796577855,399.3835731983107,152.8132438659668
2000,0.9,12000,460.463097733006,393.1173590594687,180.822491645813
2000,0.9,14000,492.0317753591905,437.4028018272421,211.30683422088623
2000,0.9,16000,511.25232555170805,447.22364678448037,241.96100234985352
2000,0.9,18000,488.90206222762447,445.04478504845815,271.33262157440186
2000,0.9,20000,502.24315464188857,393.25695136516595,301.10440254211426
2000,0.99,1000,498.77473181869954,452.7372527789394,15.299105644226074
2000,0.99,2000,488.30380456200163,438.46512779458675,30.277109146118164
2000,0.99,4000,475.5861412489761,406.64557107438833,60.31687259674072
2000,0.99,6000,469.19683566065953,400.57654590916957,89.78931903839111
2000,0.99,8000,458.79121206007693,398.89652090147945,119.78824138641357
2000,0.99,10000,480.01826882188544,444.1856530507354,150.65906047821045
2000,0.99,12000,458.31313934784794,399.7871500698213,180.28829097747803
2000,0.99,14000,476.74879521248374,422.6292742670627,210.08319854736328
2000,0.99,16000,470.8817502580554,435.96919683305714,240.3676986694336
2000,0.99,18000,495.86646348188617,436.98442099743994,267.19517707824707
2000,0.99,20000,485.93150665369296,421.8336011891686,298.71387481689453
2000,0.998,1000,652.8590164231972,603.5479689333436,15.011405944824219
2000,0.998,2000,598.3212692158916,515.0897955741186,30.286407470703125
2000,0.998,4000,447.0948743626839,383.5168302536042,60.24153232574463
2000,0.998,6000,451.6345953158019,411.08868431626166,90.2703046798706
2000,0.998,8000,451.36002798141635,406.53557158740034,120.16997337341309
2000,0.998,10000,446.22041134209246,400.23868960557274,149.5136022567749
2000,0.998,12000,455.35652094477643,406.55074921947096,179.56724166870117
2000,0.998,14000,469.2783117966419,412.9604917334481,209.73796844482422
2000,0.998,16000,446.29370249064397,407.96599824073934,240.5736207962036
2000,0.998,18000,462.27754696615176,409.7897090004533,270.39852142333984
2000,0.998,20000,452.11726018162534,424.7150839142956,295.44270038604736
2000,0.999,1000,665.5668610113067,623.582632258904,15.283703804016113
2000,0.999,2000,653.195630441968,585.1297532527491,30.623364448547363
2000,0.999,4000,606.5379561530059,577.1265951895703,61.029672622680664
2000,0.999,6000,465.72637476358193,445.2817351434606,90.62216281890869
2000,0.999,8000,464.1685827662776,395.44521299495807,118.87545585632324
2000,0.999,10000,437.6800871716167,404.86177036508377,149.81513023376465
2000,0.999,12000,445.7718982581056,421.50056880082934,181.54404163360596
2000,0.999,14000,434.70072339990594,379.43109562077893,207.72268772125244
2000,0.999,16000,428.5983717893685,376.50911694017736,237.90183067321777
2000,0.999,18000,451.7532688109557,396.4540136221834,269.2492485046387
2000,0.999,20000,446.59631079432063,407.3839929511572,297.9632616043091
4000,0.7,1000,524.6438785250288,467.5286283055224,14.969801902770996
4000,0.7,2000,480.54501952426654,406.1023679745697,29.93600368499756
4000,0.7,4000,493.69757458160336,451.1319572177767,59.99038219451904
4000,0.7,6000,465.17223625212625,401.04509225914546,90.40741920471191
4000,0.7,8000,485.9499166889118,417.9544671219604,120.74828147888184
4000,0.7,10000,516.3484324354354,464.2013995417781,149.30129051208496
4000,0.7,12000,503.5445675807875,449.6515927770332,181.9739818572998
4000,0.7,14000,498.9685092330545,416.4771038683368,210.85751056671143
4000,0.7,16000,509.9686825988839,450.19561830747415,239.0444278717041
4000,0.7,18000,482.2913372598191,429.5319377500625,270.7512855529785
4000,0.7,20000,496.6540810074375,415.64563901267286,298.271107673645
4000,0.8,1000,512.8210331616134,459.77587783639683,15.042710304260254
4000,0.8,2000,504.5151850290971,440.9604663428945,30.11806011199951
4000,0.8,4000,499.6779504180096,464.2233107728723,59.76364612579346
4000,0.8,6000,481.041842379827,434.3068199564892,89.95199203491211
4000,0.8,8000,478.06919639236975,420.1274679225272,119.55833435058594
4000,0.8,10000,504.66041653748755,449.3193724574598,150.7739782333374
4000,0.8,12000,486.19534100471856,400.40524595331794,177.90982723236084
4000,0.8,14000,465.2155832616735,404.64828158972233,210.2163314819336
4000,0.8,16000,499.07891110494427,462.16386713597956,238.7382984161377
4000,0.8,18000,496.82723586586064,436.4147386969924,269.66538429260254
4000,0.8,20000,494.4070354803998,429.78545146372176,300.14164447784424
4000,0.8,1000,503.8743169561071,437.86970361725105,14.979195594787598
4000,0.8,2000,506.32490504039635,412.07489537579977,30.027294158935547
4000,0.8,4000,482.6092003391477,439.47705598915655,59.8052978515625
4000,0.8,6000,460.9485494324109,406.5029870149796,89.58029747009277
4000,0.8,8000,502.2186632454735,468.52282170479344,119.5551872253418
4000,0.8,10000,485.11961811730544,435.69686528297177,150.48704147338867
4000,0.8,12000,491.8961085779234,430.1678881261542,179.384446144104
4000,0.8,14000,478.3494736888054,436.6973268220356,211.82620525360107
4000,0.8,16000,474.42750512647626,428.8850599167522,239.71552848815918
4000,0.8,18000,485.3046970060248,443.7422250892199,271.1432456970215
4000,0.8,20000,478.19382328689534,420.6692791656924,300.7526397705078
4000,0.9,1000,486.06682828866633,439.88747380872906,15.234827995300293
4000,0.9,2000,478.5083905507352,407.9812278320382,29.835867881774902
4000,0.9,4000,480.6932671281319,416.3777078575299,60.46142578125
4000,0.9,6000,505.6666707093552,449.0090051900834,90.16170501708984
4000,0.9,8000,504.1810685295956,438.2667096267278,119.2450761795044
4000,0.9,10000,507.73668746706363,449.41717324063563,149.9945878982544
4000,0.9,12000,478.5951037625364,414.38439890871246,180.2959680557251
4000,0.9,14000,509.437010536463,443.1175308109944,209.8217010498047
4000,0.9,16000,492.00581276681567,453.3953178043058,239.89789485931396
4000,0.9,18000,480.3141446659396,396.79246030898014,270.84200382232666
4000,0.9,20000,490.40682895214985,417.8832647732134,299.9347686767578
4000,0.9,1000,533.7487043160947,476.771427216756,14.907407760620117
4000,0.9,2000,482.3304590313536,421.4118798039434,30.03866672515869
4000,0.9,4000,483.5469691493134,447.3471816012494,60.572171211242676
4000,0.9,6000,490.8661505255456,461.91036661745915,90.70217609405518
4000,0.9,8000,472.72544020939114,404.8783542230162,120.98884582519531
4000,0.9,10000,458.0625780803929,408.5799960451461,150.7810115814209
4000,0.9,12000,477.09152053488776,429.1893650823183,182.49571323394775
4000,0.9,14000,497.7429881913716,425.99941936216555,208.74383449554443
4000,0.9,16000,496.45173026660603,418.66095274977965,238.7669801712036
4000,0.9,18000,451.8463222640571,385.12084940244023,269.34704780578613
4000,0.9,20000,464.98274711464467,401.40303416034254,297.66712188720703
4000,0.99,1000,504.6500334813456,409.38000468583175,15.025663375854492
4000,0.99,2000,494.0465823248386,461.23496363710683,30.131244659423828
4000,0.99,4000,477.6229620559067,417.98864171527737,60.36338806152344
4000,0.99,6000,495.9705012348254,432.8871824698567,89.78326320648193
4000,0.99,8000,474.9280895010108,426.8374983478663,118.24283599853516
4000,0.99,10000,493.5764977463288,436.69634824894194,149.79825019836426
4000,0.99,12000,466.24451858083705,422.2665174006675,178.70676517486572
4000,0.99,14000,470.0315736459637,413.425212073202,209.38544273376465
4000,0.99,16000,478.5195046045022,407.88936657422494,239.1796350479126
4000,0.99,18000,495.6806315086242,421.0081995542582,267.3344135284424
4000,0.99,20000,482.91740049511975,423.03806731264,300.34470558166504
4000,0.998,1000,676.0225174792065,617.8118450634817,15.111947059631348
4000,0.998,2000,628.946242275017,528.2684861048651,30.348730087280273
4000,0.998,4000,460.988671555345,398.09066648058706,59.8250150680542
4000,0.998,6000,471.20072186016944,437.13758672822166,89.95792865753174
4000,0.998,8000,451.2359283015838,390.9941859714702,119.95224952697754
4000,0.998,10000,450.9181426576457,395.8506840265059,149.56095218658447
4000,0.998,12000,453.23260201128176,406.10104882904744,182.16869831085205
4000,0.998,14000,459.40086171980585,411.5192511743025,211.25166416168213
4000,0.998,16000,442.53801461149567,402.0455841110321,240.55752754211426
4000,0.998,18000,481.27198469456835,422.5343339158346,269.0427780151367
4000,0.998,20000,441.5435572864312,414.0181530468427,302.27932929992676
4000,0.999,1000,662.8149619573152,623.2256916556404,15.13063907623291
4000,0.999,2000,621.9677425846747,576.8296393718782,30.185270309448242
4000,0.999,4000,611.6728333088681,583.5502772323276,60.361266136169434
4000,0.999,6000,510.9464055775393,448.56521754689487,90.56873321533203
4000,0.999,8000,428.1891297446474,397.0363738808084,120.5601692199707
4000,0.999,10000,426.7388351117778,401.8621084648553,150.97804069519043
4000,0.999,12000,438.88381371663536,396.86517138921977,180.87172508239746
4000,0.999,14000,444.8202977212988,427.0850301542743,210.51719188690186
4000,0.999,16000,441.31041519507096,404.0184694937929,240.66734313964844
4000,0.999,18000,448.29569620226556,388.9660505867023,271.0615396499634
4000,0.999,20000,450.35767168812026,395.7147769166142,298.9199161529541
6000,0.7,1000,512.0795440200283,432.04856904979465,15.01152515411377
6000,0.7,2000,484.9858957094137,413.9661779098028,30.17747402191162
6000,0.7,4000,465.4587628617945,441.46112289153825,59.93947982788086
6000,0.7,6000,491.5438055115329,430.2283329676248,91.04900360107422
6000,0.7,8000,484.47722011857525,434.2850818310353,118.94917488098145
6000,0.7,10000,485.90552810005295,429.54763450226113,148.89531135559082
6000,0.7,12000,468.42348741926605,433.24691514843,177.8583526611328
6000,0.7,14000,467.4365397464224,416.4828465416938,208.5860013961792
6000,0.7,16000,482.81842417235805,437.4214586988046,241.0475492477417
6000,0.7,18000,479.3977865665838,442.73502563910273,273.8224506378174
6000,0.7,20000,493.8251857144252,410.03235602633094,299.94776248931885
6000,0.8,1000,502.1848628101558,462.9543152729184,15.071821212768555
6000,0.8,2000,498.32736328173223,444.86562239536306,30.181288719177246
6000,0.8,4000,530.995351024207,480.88615798532805,59.83407497406006
6000,0.8,6000,495.0273701321544,413.1768412267603,89.62986469268799
6000,0.8,8000,477.7386663453697,433.6441703356056,119.35405731201172
6000,0.8,10000,490.89635866192395,452.56008358026196,149.01974201202393
6000,0.8,12000,497.9244343699694,435.1762337881659,181.17876052856445
6000,0.8,14000,512.3685510651595,460.6195473586525,211.60783767700195
6000,0.8,16000,503.9638870364198,439.72817454593087,241.42813682556152
6000,0.8,18000,491.12714661304744,417.3471603693418,274.9145746231079
6000,0.8,20000,459.34027255792955,409.5847024995312,303.0853033065796
6000,0.8,1000,479.16196746827643,420.29502772058834,15.21608829498291
6000,0.8,2000,475.7710185313883,421.4377914854234,30.28106689453125
6000,0.8,4000,481.19622353441673,418.6213784359709,60.06581783294678
6000,0.8,6000,486.1665801761622,447.54112050727565,89.83240127563477
6000,0.8,8000,476.44809861309324,417.13497280053116,120.26803493499756
6000,0.8,10000,480.1845202340496,435.645457648484,149.65276718139648
6000,0.8,12000,475.72105222229965,407.31989257786086,180.41348457336426
6000,0.8,14000,479.7608745976751,424.52643814690543,210.3055715560913
6000,0.8,16000,465.32696483785213,406.109602956714,237.41910457611084
6000,0.8,18000,473.49624673815816,436.8637795344409,271.05281352996826
6000,0.8,20000,476.95664687623747,402.64853743146693,300.8759021759033
6000,0.9,1000,507.5698447449016,442.0255070775584,14.912009239196777
6000,0.9,2000,490.9962096683559,429.2674859462994,29.929399490356445
6000,0.9,4000,488.04162661725775,406.50298701497957,60.05818843841553
6000,0.9,6000,484.67415038780183,434.8522338891463,89.6859884262085
6000,0.9,8000,483.92188126362527,446.78206134963887,119.82324123382568
6000,0.9,10000,476.24139032695365,406.50298701497957,149.77855682373047
6000,0.9,12000,500.2846228784877,431.6357515935224,179.89673614501953
6000,0.9,14000,472.2217018141929,447.08381835911,209.64267253875732
6000,0.9,16000,482.4138790422794,427.0543082123993,239.15798664093018
6000,0.9,18000,477.66911320582784,416.87589786044964,267.9985046386719
6000,0.9,20000,492.49783228793774,434.9513193585649,298.41887950897217
6000,0.9,1000,518.1562084637503,450.870136773662,15.0054931640625
6000,0.9,2000,495.1669837008665,452.2057480415836,29.851770401000977
6000,0.9,4000,503.9584133009462,427.8568905040625,59.58685874938965
6000,0.9,6000,498.1529837277709,468.35859560040996,89.53609466552734
6000,0.9,8000,485.5545625334763,406.9863227459182,118.75777244567871
6000,0.9,10000,491.3330495572378,437.92915967691243,150.09753704071045
6000,0.9,12000,476.6919542326682,412.8128689006887,179.57909107208252
6000,0.9,14000,502.63794771002614,446.15535327551106,210.01238822937012
6000,0.9,16000,489.3161486846251,424.9579904039112,239.14036750793457
6000,0.9,18000,467.07689711955265,430.0426877120825,268.18878650665283
6000,0.9,20000,487.1782117379682,389.8682733538155,297.96159267425537
6000,0.99,1000,490.9148589349431,447.85546727594135,15.044999122619629
6000,0.99,2000,474.8204020912641,419.76099666452035,30.03084659576416
6000,0.99,4000,465.25225817739613,417.9016497199349,59.80944633483887
6000,0.99,6000,471.68768170130386,413.297194559245,89.30556774139404
6000,0.99,8000,475.6079222562159,411.3943170758018,118.40193271636963
6000,0.99,10000,479.67339079945566,401.68032359597373,148.79062175750732
6000,0.99,12000,490.94558883187784,439.7149667765526,178.32026481628418
6000,0.99,14000,471.4631731949695,417.54999665967813,210.86997985839844
6000,0.99,16000,472.81116604594763,401.4068446191942,239.39063549041748
6000,0.99,18000,489.8431518803435,395.6358415970549,271.20563983917236
6000,0.99,20000,484.0020911553888,451.2121993911276,297.5390672683716
6000,0.998,1000,652.2538151674287,611.0108153227823,15.059137344360352
6000,0.998,2000,646.811864390939,633.1855478122479,30.353689193725586
6000,0.998,4000,471.29315296039977,424.5045200231738,60.82277297973633
6000,0.998,6000,455.95203881367644,405.0657460844463,90.17677307128906
6000,0.998,8000,456.3733877243828,383.5168302536042,120.83029747009277
6000,0.998,10000,452.7657112198546,422.1496912677262,152.0726203918457
6000,0.998,12000,459.3732929240467,418.9124714846677,179.4170379638672
6000,0.998,14000,477.4641137623468,415.3175979217209,209.39712524414062
6000,0.998,16000,459.6634525020414,412.7462815658877,239.67602252960205
6000,0.998,18000,449.1529433085863,395.6358415970549,272.1285343170166
6000,0.998,20000,448.81680130731104,411.38247608779125,297.57513999938965
6000,0.999,1000,675.4112160974726,609.2920341570052,15.253758430480957
6000,0.999,2000,660.3053515559653,610.8109374015942,30.387115478515625
6000,0.999,4000,635.2330533571513,577.4801300664424,60.44764518737793
6000,0.999,6000,535.1559951380759,465.08043182033913,91.19431972503662
6000,0.999,8000,449.11408546663097,401.53507583047343,120.93799114227295
6000,0.999,10000,447.5377408643235,399.78715006982134,150.27539730072021
6000,0.999,12000,441.66173241651524,395.5908189574261,179.64067459106445
6000,0.999,14000,446.0777514071124,423.1357247666187,211.01224422454834
6000,0.999,16000,435.61354394076443,398.00326562266844,241.86911582946777
6000,0.999,18000,435.767590236033,397.47663839901963,267.44000911712646
6000,0.999,20000,455.427793147877,396.24730860685474,300.740647315979
8000,0.7,1000,497.7637361992655,451.1582580497604,15.144634246826172
8000,0.7,2000,498.076927566244,429.7237422411385,29.913640022277832
8000,0.7,4000,491.44269628486245,418.5540212649929,60.93416213989258
8000,0.7,6000,481.2110211438829,453.0387335906413,90.51477909088135
8000,0.7,8000,482.80905660726285,419.48338002861755,120.57876586914062
8000,0.7,10000,485.1229395386466,403.5554689744348,149.54209327697754
8000,0.7,12000,476.92267508648763,436.8833233278165,181.14025592803955
8000,0.7,14000,476.7557685412826,444.78811448590375,211.56272888183594
8000,0.7,16000,483.61782801130295,417.982260823465,240.43242931365967
8000,0.7,18000,502.05225225005097,449.6322415804005,271.64692878723145
8000,0.7,20000,493.8238869008448,425.84552397258955,301.6788959503174
8000,0.8,1000,502.7875366958523,428.81214080280586,15.131258964538574
8000,0.8,2000,479.6054122130099,448.1676382843704,30.29937744140625
8000,0.8,4000,510.26618490101146,434.364033472712,60.068368911743164
8000,0.8,6000,482.6278323401828,429.9604227041095,90.67857265472412
8000,0.8,8000,483.7131316374757,423.88716267766006,119.7843074798584
8000,0.8,10000,480.5433711366335,416.04993730531226,148.87609481811523
8000,0.8,12000,491.97120518762495,434.5847075949197,180.5783987045288
8000,0.8,14000,495.2615389842188,428.3137418880028,210.59470176696777
8000,0.8,16000,464.3038318861994,406.60908507477694,239.52710628509521
8000,0.8,18000,478.8865357683565,415.1139856585521,269.31817531585693
8000,0.8,20000,487.3833834141399,421.3171448158562,299.7258424758911
8000,0.8,1000,507.05204759936606,459.484052279386,15.06497859954834
8000,0.8,2000,510.7610060963402,431.3456993399891,30.19847869873047
8000,0.8,4000,480.6665049526209,413.963866482334,60.134291648864746
8000,0.8,6000,474.18622241036684,411.4382786005824,90.35489559173584
8000,0.8,8000,471.72628903456524,409.02400859607997,120.265793800354
8000,0.8,10000,479.79218241214784,425.01418906797755,150.28603076934814
8000,0.8,12000,474.35130589419157,425.27606729279495,180.87375164031982
8000,0.8,14000,498.8293917558593,452.14791820737724,208.85541439056396
8000,0.8,16000,494.05503100988165,445.9372858192567,240.60683250427246
8000,0.8,18000,482.8394391347275,451.4542831074501,271.18823528289795
8000,0.8,20000,488.13190441588404,405.0648743655304,298.71885776519775
8000,0.9,1000,481.52740873378536,400.4634990664166,15.142321586608887
8000,0.9,2000,486.2154519498583,447.37240482646746,29.800701141357422
8000,0.9,4000,497.9656453027759,445.4764696443887,59.94598865509033
8000,0.9,6000,482.9299435275969,433.3996081066771,90.15953540802002
8000,0.9,8000,499.84471639926295,425.34233252719514,119.26870346069336
8000,0.9,10000,472.4150702285307,445.01165072844833,150.39448738098145
8000,0.9,12000,481.71829401202376,413.9194349512245,179.85680103302002
8000,0.9,14000,488.23699647170434,411.3943170758018,209.95664596557617
8000,0.9,16000,486.16818794258944,426.13284249741673,241.1613941192627
8000,0.9,18000,490.4351579223371,455.31702499146826,270.40138244628906
8000,0.9,20000,495.8468597882901,452.11529771504684,299.0154027938843
8000,0.9,1000,486.70303203626054,414.7251929681712,15.056943893432617
8000,0.9,2000,484.9346992670368,417.12675538361816,30.181026458740234
8000,0.9,4000,471.19543957059096,401.18593476793797,60.15331745147705
8000,0.9,6000,503.9900362724867,466.4445672303034,90.27900695800781
8000,0.9,8000,480.22991321444545,447.34718160124936,119.84407901763916
8000,0.9,10000,459.4795427586131,406.45163546774575,150.82099437713623
8000,0.9,12000,479.82951797985186,445.8142718154043,180.49652576446533
8000,0.9,14000,468.3396665982338,432.25526648656677,211.00025177001953
8000,0.9,16000,462.3116336522765,399.9468868737714,239.5265817642212
8000,0.9,18000,484.4248783414129,454.9695608305285,269.7415828704834
8000,0.9,20000,492.2473175225914,398.1592259271311,303.8209915161133
8000,0.99,1000,512.222476846234,431.3476934025428,15.171313285827637
8000,0.99,2000,456.568791223924,440.39598405097,30.239057540893555
8000,0.99,4000,471.86149343651203,403.8895686307271,60.74185371398926
8000,0.99,6000,482.1190723639361,423.83472355557734,90.77603816986084
8000,0.99,8000,470.3087779250753,417.5521495426456,121.7733383178711
8000,0.99,10000,484.5814304243565,434.793538331603,163.26899528503418
8000,0.99,12000,465.1949307504885,425.55709915969913,178.3778429031372
8000,0.99,14000,476.8620654032604,428.4629140209785,209.5684289932251
8000,0.99,16000,472.06706420599613,419.533037198332,240.82212448120117
8000,0.99,18000,474.8671377597114,449.45479936422845,269.8590278625488
8000,0.99,20000,472.01180994470525,425.1036408423032,301.55463218688965
8000,0.998,1000,663.9622520251268,560.8613814554448,15.171527862548828
8000,0.998,2000,648.2180470996902,604.5952504989513,30.467653274536133
8000,0.998,4000,489.5129665731191,450.23300320360215,60.74683666229248
8000,0.998,6000,466.67185848389045,424.74854267375844,90.56432247161865
8000,0.998,8000,442.4265219300165,414.03572952301914,121.1230993270874
8000,0.998,10000,451.68390915894304,394.6669891880357,151.68631076812744
8000,0.998,12000,464.07842851746653,406.55074921947096,182.30810165405273
8000,0.998,14000,463.25070738836894,393.4027706252537,209.79080200195312
8000,0.998,16000,448.8874189394961,410.16649708942873,241.3684844970703
8000,0.998,18000,434.4218434499295,403.6258191974457,267.4464464187622
8000,0.998,20000,435.15435856213827,406.6090850747769,299.54936504364014
8000,0.999,1000,684.6060759517159,663.0378865968762,15.139913558959961
8000,0.999,2000,643.2430935899898,604.772783912842,30.3743839263916
8000,0.999,4000,627.5205192928959,596.3436181422671,59.771013259887695
8000,0.999,6000,547.5992601326868,516.0966188317379,92.38889217376709
8000,0.999,8000,465.946830673238,433.7234358088152,120.80228328704834
8000,0.999,10000,440.2141278212137,416.09855362853904,150.89728832244873
8000,0.999,12000,438.4350430208368,384.05605815089905,179.5746088027954
8000,0.999,14000,436.0752197917359,405.1226794393373,211.2628698348999
8000,0.999,16000,450.34002603772734,411.4667592872509,236.93854808807373
8000,0.999,18000,432.99255366349126,394.76072727653275,268.9802646636963
8000,0.999,20000,452.4639100604172,405.1226794393373,302.6171922683716
10000,0.7,1000,495.3645897788113,417.6217375359319,15.00403881072998
10000,0.7,2000,498.99138799923367,443.65604190045525,30.28554916381836
10000,0.7,4000,478.74208793456984,427.67093205653345,60.23101806640625
10000,0.7,6000,490.64287802352845,422.32656108232607,90.93849658966064
10000,0.7,8000,471.1763562679656,429.11938076760373,119.16906833648682
10000,0.7,10000,469.7479490795655,433.69148240664595,148.8616704940796
10000,0.7,12000,473.5984619689208,413.8656803083772,181.0309886932373
10000,0.7,14000,454.2737399957141,392.9287346462415,209.37132835388184
10000,0.7,16000,468.75113643229605,405.4818122976969,240.55051803588867
10000,0.7,18000,477.1397372037667,434.6789679091111,270.4026937484741
10000,0.7,20000,476.2647498609537,434.71339009909116,300.4779100418091
10000,0.8,1000,495.7524610441345,438.22382200358936,15.055179595947266
10000,0.8,2000,517.3932794129537,442.8259127580882,29.877328872680664
10000,0.8,4000,472.66082961152824,408.7657524086753,59.76746082305908
10000,0.8,6000,470.1812211249693,432.17587024208575,90.74454307556152
10000,0.8,8000,493.60101309118784,435.36153191060515,126.22251510620117
10000,0.8,10000,476.84994403065855,413.56088317411724,154.22697067260742
10000,0.8,12000,522.6882896250968,452.39668422533526,183.25114250183105
10000,0.8,14000,462.5250682791035,414.26875107706013,211.10661029815674
10000,0.8,16000,502.308346801676,396.24730860685474,240.38584232330322
10000,0.8,18000,473.4230443040168,406.6710495753018,272.57046699523926
10000,0.8,20000,475.08489023178174,414.3628896117282,304.0764093399048
10000,0.8,1000,500.2980860430781,445.4898177749077,14.923954010009766
10000,0.8,2000,490.92081097599777,435.4555169372436,30.13637065887451
10000,0.8,4000,467.0742680935691,399.78715006982134,59.97195243835449
10000,0.8,6000,485.0109670582041,434.2405637931987,89.80181217193604
10000,0.8,8000,485.65898616221466,433.1980665573382,120.35038471221924
10000,0.8,10000,505.0080923634617,463.02320011315265,151.8240213394165
10000,0.8,12000,487.66741710677053,427.1300095797985,180.43301105499268
10000,0.8,14000,498.05808129468085,432.4366703880289,211.59095764160156
10000,0.8,16000,468.17487035607337,391.0976031459804,238.68858814239502
10000,0.8,18000,501.64545495251815,459.8459939314583,267.8274393081665
10000,0.8,20000,467.81461369014926,388.87885793629516,300.06957054138184
10000,0.9,1000,532.2719296630934,497.7207260831444,15.027427673339844
10000,0.9,2000,490.751861271492,447.38660807093413,30.353903770446777
10000,0.9,4000,490.3139199127551,438.41306203617296,60.022830963134766
10000,0.9,6000,456.34151686645055,416.3777078575299,89.3350601196289
10000,0.9,8000,474.0013599479324,432.42653026908874,119.52621936798096
10000,0.9,10000,445.39357922701464,407.7210322569237,158.09240341186523
10000,0.9,12000,502.40763778765785,451.0945267659623,191.05284214019775
10000,0.9,14000,512.3386824302172,436.187889175128,223.2694149017334
10000,0.9,16000,509.79264141041784,446.08737909333547,256.4533472061157
10000,0.9,18000,479.7445385917605,434.2721422370727,287.9136085510254
10000,0.9,20000,492.9597802600165,447.58851304206274,318.770432472229
10000,0.9,1000,484.94763227386886,436.0100238666372,15.919017791748047
10000,0.9,2000,491.92584548304905,449.41741252037895,31.565499305725098
10000,0.9,4000,488.884892875779,414.8721982066278,63.78180980682373
10000,0.9,6000,462.2111645979359,393.11651721888313,94.43850517272949
10000,0.9,8000,475.93795201884706,431.30683076734226,128.33669185638428
10000,0.9,10000,464.0912153610082,412.877753805443,158.33730697631836
10000,0.9,12000,515.393042051816,474.94344445230223,190.71781635284424
10000,0.9,14000,483.6409273405272,420.3510458636228,225.53977966308594
10000,0.9,16000,480.3812008477283,426.8524308456791,252.0111322402954
10000,0.9,18000,480.8648264298231,434.54464935171376,287.3758554458618
10000,0.9,20000,484.99536790129605,422.4013752639292,322.2949266433716
10000,0.99,1000,534.4542290153671,498.1600835058034,15.964436531066895
10000,0.99,2000,480.4304478517264,423.4264523338617,31.80718421936035
10000,0.99,4000,482.54665735989346,425.1149706972768,63.29166889190674
10000,0.99,6000,466.42996818758274,421.0363019572739,89.08591270446777
10000,0.99,8000,475.10050090084496,436.2067159360471,119.30820941925049
10000,0.99,10000,491.0061145111255,457.970968481007,149.93417263031006
10000,0.99,12000,467.7360175125301,420.45474164814533,180.9593915939331
10000,0.99,14000,477.2472717400016,429.8922180018586,211.43229007720947
10000,0.99,16000,476.5049553558095,402.5109236531758,239.05043601989746
10000,0.99,18000,471.4907329344752,409.3772194184752,267.12658405303955
10000,0.99,20000,470.2288037250087,411.2867739897757,300.4031181335449
10000,0.998,1000,666.6974520521861,636.8742236084655,15.2665376663208
10000,0.998,2000,652.2310753312125,604.964439068126,30.412697792053223
10000,0.998,4000,504.759150406964,461.94379943103286,60.33778190612793
10000,0.998,6000,447.16614628867546,406.5631030595147,90.89910984039307
10000,0.998,8000,456.63112069008986,417.4178946373957,120.85340023040771
10000,0.998,10000,466.35664044919633,407.5960595089836,150.5631685256958
10000,0.998,12000,473.80224066408636,433.41949468459205,180.75358867645264
10000,0.998,14000,470.0167734174029,402.900597310992,208.7319850921631
10000,0.998,16000,449.9514925157031,420.56315765671394,240.53144454956055
10000,0.998,18000,458.97642734659314,415.4059565659532,267.68131256103516
10000,0.998,20000,477.80166771192887,437.4484093902219,296.95379734039307
10000,0.999,1000,669.3709537826966,580.3360538634175,15.152502059936523
10000,0.999,2000,644.8254232169357,566.3015933589033,30.38187026977539
10000,0.999,4000,641.3613911301533,599.486288829497,60.961365699768066
10000,0.999,6000,577.6724797448761,552.2754605769943,90.93525409698486
10000,0.999,8000,462.0258158400567,387.27454069247545,120.82326412200928
10000,0.999,10000,435.61387354397027,395.5514144111084,150.48294067382812
10000,0.999,12000,445.8695048141475,404.22708078046134,180.94887733459473
10000,0.999,14000,447.5654417261015,401.0767317020129,212.69090175628662
10000,0.999,16000,451.8869555636635,386.4685048161413,239.0535593032837
10000,0.999,18000,437.5987497009426,395.5631305168152,269.104266166687
10000,0.999,20000,433.17944143332863,400.6345016728356,300.31793117523193
12000,0.7,1000,513.4472645095742,411.48113350829937,15.02978801727295
12000,0.7,2000,493.93569412095184,445.8164134508514,30.230069160461426
12000,0.7,4000,481.15422011740856,445.849452316829,60.108113288879395
12000,0.7,6000,492.959582544366,426.15922809364713,90.0653600692749
12000,0.7,8000,491.90993478241614,447.54842476469014,125.09477138519287
12000,0.7,10000,495.5297900107727,400.32489578704656,150.0791072845459
12000,0.7,12000,483.1322788871589,437.693023046305,181.22897148132324
12000,0.7,14000,507.3836038490196,475.90957749224157,211.49752140045166
12000,0.7,16000,514.4856551091917,415.4648710458027,240.6604766845703
12000,0.7,18000,497.2117236468777,438.13445189026044,269.20995712280273
12000,0.7,20000,466.7912976631671,444.3039464134955,301.77366733551025
12000,0.8,1000,497.6986825908078,410.2277465526729,15.097928047180176
12000,0.8,2000,493.88560899034167,425.50690847493814,30.253243446350098
12000,0.8,4000,495.4069929100339,463.96330930867873,60.523104667663574
12000,0.8,6000,522.7712676828996,473.2086372039068,89.96446132659912
12000,0.8,8000,486.06789704048,427.69375507641007,120.00429630279541
12000,0.8,10000,468.54624275442654,414.0787041792133,150.53977966308594
12000,0.8,12000,489.8727492072483,432.80976742301317,180.59372901916504
12000,0.8,14000,488.7302081017877,439.58195257354686,210.14211177825928
12000,0.8,16000,481.8966775934238,442.7888665104456,239.47384357452393
12000,0.8,18000,499.7504476802296,445.7212769832728,272.6036787033081
12000,0.8,20000,481.4524529957275,433.6784703545227,298.72305393218994
12000,0.8,1000,502.51276705765997,428.7587860847096,15.055108070373535
12000,0.8,2000,488.0121591028393,412.20229362909583,29.914140701293945
12000,0.8,4000,500.24931607695015,455.4709435289823,59.8963737487793
12000,0.8,6000,491.1780464966255,455.2939327305823,90.80431461334229
12000,0.8,8000,475.55318255789143,423.78604955669664,120.0150728225708
12000,0.8,10000,494.8546643906403,449.15239908985126,149.78947639465332
12000,0.8,12000,463.9359742009254,423.2465817390157,178.41036319732666
12000,0.8,14000,480.0714032929592,432.62501823202615,209.24072265625
12000,0.8,16000,493.65562356312273,434.04541676697306,240.78471660614014
12000,0.8,18000,487.6484921738688,426.44880602393954,269.5305824279785
12000,0.8,20000,486.8115049901729,420.7995430431689,303.6363363265991
12000,0.9,1000,519.166001491016,443.55757588966026,14.96284008026123
12000,0.9,2000,476.60915662615287,419.69271659879985,30.149054527282715
12000,0.9,4000,500.05566605922115,430.0195882140584,60.41688919067383
12000,0.9,6000,516.8365341476617,475.3304851289375,89.38491344451904
12000,0.9,8000,493.81389461308635,449.946321752996,120.16479969024658
12000,0.9,10000,486.8838665728157,431.6927031183457,150.6836175918579
12000,0.9,12000,514.3554785848321,450.0710664731399,180.79063892364502
12000,0.9,14000,509.5042327295049,469.0446556829438,210.53123474121094
12000,0.9,16000,491.3800758726197,461.31250586245034,240.97185134887695
12000,0.9,18000,484.1394319814038,429.3594537305357,269.02735233306885
12000,0.9,20000,485.3692770512897,450.3826523843941,298.595929145813
12000,0.9,1000,494.30338949543295,441.0341654898149,14.924454689025879
12000,0.9,2000,486.44900042543196,452.5626522037775,29.924726486206055
12000,0.9,4000,484.31150965134873,439.0916486143689,60.157084465026855
12000,0.9,6000,486.66942042636583,452.6436193864248,90.47644138336182
12000,0.9,8000,500.752722227558,453.88250927285947,120.23653984069824
12000,0.9,10000,484.34487589594954,444.56104640612887,149.95596408843994
12000,0.9,12000,482.03408780948394,427.3102930957213,180.69429397583008
12000,0.9,14000,484.7928345835115,397.7079783886538,208.66708755493164
12000,0.9,16000,472.51775411964735,446.0086767981525,238.99877071380615
12000,0.9,18000,492.34686506072774,438.6662236774391,269.71611976623535
12000,0.9,20000,490.016445728937,421.0457188476824,300.071120262146
12000,0.99,1000,533.3801611740937,452.9186240902014,15.314936637878418
12000,0.99,2000,476.69761130952,445.1100806884871,30.0886869430542
12000,0.99,4000,469.0721256192669,423.8439517147597,60.15944480895996
12000,0.99,6000,494.0013459441003,434.7155082127745,91.87476634979248
12000,0.99,8000,481.11817076781324,402.598940246399,119.67742443084717
12000,0.99,10000,484.69946879433945,445.6628354344197,151.89483165740967
12000,0.99,12000,495.35725523978556,438.66809490689843,182.6242208480835
12000,0.99,14000,479.04213467192795,435.46566354144966,211.7828607559204
12000,0.99,16000,454.7395939703423,406.50298701497957,242.8691864013672
12000,0.99,18000,473.853888880661,427.31568010542077,270.1120138168335
12000,0.99,20000,461.53502581499714,397.5451204894989,301.95114612579346
12000,0.998,1000,681.4770956590471,623.580724741967,15.377116203308105
12000,0.998,2000,656.8865482845722,605.451973184431,30.485105514526367
12000,0.998,4000,488.0881152586261,449.88232581146036,61.24560832977295
12000,0.998,6000,442.7148773478069,418.3344370632325,90.6923770904541
12000,0.998,8000,446.9919243654359,409.8206941080422,121.04756832122803
12000,0.998,10000,445.4793972373979,405.1226794393373,152.34403610229492
12000,0.998,12000,443.40358526360416,410.1402770608732,179.44400310516357
12000,0.998,14000,460.67770466920894,404.8333315833874,208.91098976135254
12000,0.998,16000,432.12197427819626,384.5222997739738,237.92438507080078
12000,0.998,18000,453.56591285882394,406.5029870149796,272.6412057876587
12000,0.998,20000,455.51533266782934,407.69032499598575,299.89421367645264
12000,0.999,1000,679.0986232063996,588.7017683068641,15.110278129577637
12000,0.999,2000,646.3392195002103,604.6819224977825,30.152463912963867
12000,0.999,4000,639.4904562791833,600.6908895180366,60.509634017944336
12000,0.999,6000,584.0813669964944,517.7136321324767,90.29667377471924
12000,0.999,8000,469.2852711202645,441.1871490273611,119.31381225585938
12000,0.999,10000,452.4680878764458,415.64563901267286,150.1577615737915
12000,0.999,12000,447.76296703529124,399.15938449033104,179.35683727264404
12000,0.999,14000,435.415893188117,392.31518092572003,210.7192039489746
12000,0.999,16000,438.50666661767684,381.6895296619897,239.86923694610596
12000,0.999,18000,442.27505158472894,413.8446341505313,269.3638563156128
12000,0.999,20000,432.92842192155604,381.6895296619897,299.52118396759033
14000,0.7,1000,486.80756020164836,456.7022173895077,15.024518966674805
14000,0.7,2000,497.748120992114,442.61289870397724,29.802656173706055
14000,0.7,4000,463.13184018627317,411.1239160906208,59.93032455444336
14000,0.7,6000,490.1116835152702,419.06810174151303,89.64643478393555
14000,0.7,8000,478.2286290364306,432.78859360805103,119.44644451141357
14000,0.7,10000,458.62751868140396,429.4263948944454,151.00598335266113
14000,0.7,12000,481.47661422664896,427.96660178476213,180.0645351409912
14000,0.7,14000,487.382881001084,402.835326266281,211.89048290252686
14000,0.7,16000,486.26029147123546,434.3828548881346,241.74511432647705
14000,0.7,18000,496.77749094722355,393.25695136516595,271.9139099121094
14000,0.7,20000,484.38132446527123,428.88814671311906,541.6630744934082
14000,0.8,1000,501.9422912944422,413.8681992010223,14.890623092651367
14000,0.8,2000,514.7201028884507,427.67093205653345,30.211567878723145
14000,0.8,4000,482.2434742808249,422.7300990539185,60.0017786026001
14000,0.8,6000,494.0289743628503,454.07567829434623,89.76857662200928
14000,0.8,8000,458.0894680534073,417.21924464745706,120.05929946899414
14000,0.8,10000,480.0063893838877,439.9423689133067,148.8774299621582
14000,0.8,12000,489.824665823989,438.19643413887314,179.93106842041016
14000,0.8,14000,498.4746108052235,447.16588894517463,212.32216358184814
14000,0.8,16000,470.56813374836486,415.235812566553,238.14568519592285
14000,0.8,18000,491.7394434059344,395.6358415970549,269.7619676589966
14000,0.8,20000,485.14962073324597,457.86500899987584,301.2303829193115
14000,0.8,1000,501.6457482707954,401.90459477941107,15.044069290161133
14000,0.8,2000,477.11338702473194,438.0293615934114,29.67662811279297
14000,0.8,4000,511.27421400474225,406.10104882904744,59.67061519622803
14000,0.8,6000,474.9013547455982,420.8945603232424,90.35909175872803
14000,0.8,8000,487.88484609331346,429.482465375725,133.8052749633789
14000,0.8,10000,478.4194406069656,407.63245617887645,170.9378719329834
14000,0.8,12000,499.34306634543884,441.8718584430843,205.30023574829102
14000,0.8,14000,481.59574489075385,438.75827458580386,213.02614212036133
14000,0.8,16000,487.8786047274374,424.3423578745386,239.97793197631836
14000,0.8,18000,489.842525268726,449.6969998760179,269.25411224365234
14000,0.8,20000,490.5779128883085,428.17713178448275,298.5198497772217
14000,0.9,1000,514.8167142004538,444.7155364129752,14.931011199951172
14000,0.9,2000,479.5992696438169,427.5891226386656,30.147838592529297
14000,0.9,4000,500.09906825171436,462.1772273870946,59.17675495147705
14000,0.9,6000,464.14670542375626,417.157773795424,89.2188549041748
14000,0.9,8000,473.7201186943256,410.97347379302335,118.17855834960938
14000,0.9,10000,472.85753133497667,399.38619297032017,149.6931552886963
14000,0.9,12000,473.9726632145449,418.5152803761735,179.17134761810303
14000,0.9,14000,484.2585722786357,433.0100532070232,210.0947618484497
14000,0.9,16000,454.2020095572023,409.9775943648903,240.04714488983154
14000,0.9,18000,489.80487354164535,430.01342023705564,269.95370388031006
14000,0.9,20000,492.41057081106027,390.1953803788672,296.80845737457275
14000,0.9,1000,486.3179033720522,443.7650166363376,15.036296844482422
14000,0.9,2000,485.1281063192907,450.33405981415785,29.83381748199463
14000,0.9,4000,475.88304676837623,398.7411794653789,59.407830238342285
14000,0.9,6000,495.6413938081997,434.2269686730814,89.71891403198242
14000,0.9,8000,488.3319772067331,419.6563633709022,120.48194408416748
14000,0.9,10000,481.034441524045,412.361365511553,148.73955249786377
14000,0.9,12000,491.894979661021,431.3892897795659,180.5110216140747
14000,0.9,14000,491.675161899676,438.7105720074776,211.09449863433838
14000,0.9,16000,492.2674623531799,446.6064760916614,240.84479808807373
14000,0.9,18000,498.12360744682,458.57332745477737,269.70746517181396
14000,0.9,20000,472.4337313146066,412.30744463455846,300.50435066223145
14000,0.99,1000,520.8461792636698,466.492951870007,15.107131004333496
14000,0.99,2000,487.9296291920111,444.0297865252188,30.495929718017578
14000,0.99,4000,475.04355973191895,431.6805178654702,60.26492118835449
14000,0.99,6000,482.58704722321534,427.948193224753,89.44756984710693
14000,0.99,8000,467.9395447752846,408.86875297959864,119.69108581542969
14000,0.99,10000,469.20689413377596,446.11122190575713,150.37915706634521
14000,0.99,12000,467.30672545476375,399.7871500698213,180.04164695739746
14000,0.99,14000,465.82502629663804,399.3835731983107,209.02552604675293
14000,0.99,16000,464.3972963287646,427.22545910683937,238.818359375
14000,0.99,18000,461.4556028771065,404.1970867431948,268.3738946914673
14000,0.99,20000,466.76424415913186,436.5426091375935,298.91045093536377
14000,0.998,1000,667.1151652611516,581.7545878065023,15.125894546508789
14000,0.998,2000,652.8310743833906,603.3354880504727,30.379796028137207
14000,0.998,4000,473.98343573049715,421.7552247877679,59.81101989746094
14000,0.998,6000,439.75300813548154,393.29857077686034,89.67392444610596
14000,0.998,8000,461.1450029856518,401.04509225914546,120.78578472137451
14000,0.998,10000,437.49040741599885,390.4658006648762,151.35598182678223
14000,0.998,12000,442.0732153287978,396.7652606425418,179.1321039199829
14000,0.998,14000,458.8757849556138,416.17012117594635,210.05568504333496
14000,0.998,16000,439.0346681011536,398.1568631781552,238.32590579986572
14000,0.998,18000,452.05873971132667,407.38544483303303,268.35758686065674
14000,0.998,20000,457.8682159158263,412.73461119758304,299.02732372283936
14000,0.999,1000,662.1586669500002,627.9778041381379,14.948773384094238
14000,0.999,2000,661.1306639524822,606.3351500252925,32.1552038192749
14000,0.999,4000,637.5244621220207,549.8762972928497,60.106682777404785
14000,0.999,6000,587.8304828679074,564.9647514883571,90.55120944976807
14000,0.999,8000,462.7665897246857,405.57143375028255,119.8923110961914
14000,0.999,10000,435.04752274324517,399.78715006982134,151.18639469146729
14000,0.999,12000,453.95738310850646,429.5078713671032,181.39538764953613
14000,0.999,14000,434.80331437777215,381.6895296619897,209.82122421264648
14000,0.999,16000,428.90894513250566,400.6345016728356,240.287446975708
14000,0.999,18000,445.352681404646,390.4658006648762,268.73483657836914
14000,0.999,20000,445.9538868132739,402.0455841110321,296.9683647155762
16000,0.7,1000,511.7783240479418,435.2572634067212,15.086221694946289
16000,0.7,2000,468.920173400199,434.25599072902577,30.049514770507812
16000,0.7,4000,466.9189978482191,407.9600697075678,60.46440601348877
16000,0.7,6000,468.71287502082697,438.9339143192078,89.8200273513794
16000,0.7,8000,487.1280751976118,437.10126159983025,119.92547512054443
16000,0.7,10000,481.3051364474044,450.0543068725441,150.29661655426025
16000,0.7,12000,487.5757583701146,449.2906178453569,180.22656440734863
16000,0.7,14000,475.279700656719,415.9501833420025,210.76550483703613
16000,0.7,16000,496.29401999279537,424.9408324538725,239.14897441864014
16000,0.7,18000,493.8914483937385,445.3744794284156,272.3146915435791
16000,0.7,20000,489.9728635232479,417.2601279569729,299.0056276321411
16000,0.8,1000,520.8347804262195,461.22439395413767,15.0221586227417
16000,0.8,2000,502.95747115521544,436.8936482664118,30.202794075012207
16000,0.8,4000,489.14515537007685,428.48473478083696,59.90893840789795
16000,0.8,6000,474.67525657771375,411.68460999407205,89.50128555297852
16000,0.8,8000,491.3191565314502,407.2225869338781,120.52736282348633
16000,0.8,10000,486.8639472813276,437.4433985350296,151.0167121887207
16000,0.8,12000,484.86006774827985,446.76162501472606,180.5288791656494
16000,0.8,14000,487.6214626167968,388.20736662366545,208.13448429107666
16000,0.8,16000,500.42717132347695,426.065113058724,238.5514259338379
16000,0.8,18000,486.2883120518409,435.6166944009696,271.56622409820557
16000,0.8,20000,474.01379331660627,400.18025871027294,301.38018131256104
16000,0.8,1000,509.9866795935826,462.0904177649718,15.073394775390625
16000,0.8,2000,495.9504235759575,441.9585090749198,30.40032386779785
16000,0.8,4000,492.07168698882543,418.8265094525548,60.282278060913086
16000,0.8,6000,467.9714963690475,416.1047715707045,91.24064445495605
16000,0.8,8000,500.3003711915961,446.1217561410275,121.14553451538086
16000,0.8,10000,483.85926669887505,449.7007767500856,150.53386688232422
16000,0.8,12000,472.6569615577076,434.8079719737889,182.0380687713623
16000,0.8,14000,470.8521526281696,420.8768668779238,212.1859312057495
16000,0.8,16000,482.3288710554234,407.457506356152,240.87491035461426
16000,0.8,18000,488.0874509905407,452.88672735603546,271.96903228759766
16000,0.8,20000,471.0905053978877,412.2877031139439,302.30116844177246
16000,0.9,1000,526.8199447535369,474.77350279114523,15.034222602844238
16000,0.9,2000,483.6993585584054,414.4373310335044,30.07199764251709
16000,0.9,4000,467.51289399725175,422.90997205581266,60.544610023498535
16000,0.9,6000,476.99279817659146,423.03283586960316,90.26563167572021
16000,0.9,8000,503.72772427803693,434.221213945193,120.49815654754639
16000,0.9,10000,476.90267810278374,449.1324561844622,150.3678798675537
16000,0.9,12000,489.22664224469526,443.5072744559292,181.2565565109253
16000,0.9,14000,498.92107125455215,456.55436761324245,211.6248369216919
16000,0.9,16000,478.4322708370487,425.44046017171894,241.67206287384033
16000,0.9,18000,494.9089616979205,468.18841246772365,275.6725072860718
16000,0.9,20000,482.8612983162531,419.36801037916973,304.33027744293213
16000,0.9,1000,479.51860027211916,415.5564275200842,15.281343460083008
16000,0.9,2000,488.5517063983722,446.35249722829377,29.947304725646973
16000,0.9,4000,484.8833783753068,449.52293538251115,60.111427307128906
16000,0.9,6000,500.8123281517127,438.5200748978947,89.681077003479
16000,0.9,8000,488.409965376952,427.11836656793116,120.52285671234131
16000,0.9,10000,488.41535658484054,452.52493300982314,150.372314453125
16000,0.9,12000,481.1825772835726,414.356508657432,178.59416007995605
16000,0.9,14000,471.17967648222555,401.17046979050997,209.8172426223755
16000,0.9,16000,481.5058989525884,408.25766200547207,239.4333839416504
16000,0.9,18000,467.236897071674,425.959408286884,268.4061527252197
16000,0.9,20000,473.39402590885766,421.62111191624473,298.67966175079346
16000,0.99,1000,529.9351193496324,449.1806789743214,15.149235725402832
16000,0.99,2000,505.446298206728,412.410193995929,30.3419828414917
16000,0.99,4000,453.44515726737535,387.27454069247545,59.970736503601074
16000,0.99,6000,499.22632150921726,443.1805564086732,89.56811428070068
16000,0.99,8000,480.547587402469,425.9863217265058,121.04988098144531
16000,0.99,10000,500.5453619859892,440.6869983177935,149.94874000549316
16000,0.99,12000,474.0262872841921,432.3206014937711,181.62157535552979
16000,0.99,14000,481.7955080527396,436.05890003621835,209.67936515808105
16000,0.99,16000,482.29688389822786,433.9507827199539,240.73386192321777
16000,0.99,18000,477.9498963488119,416.70993805956755,271.7663049697876
16000,0.99,20000,474.6662678655042,391.7079642926658,301.25701427459717
16000,0.998,1000,666.5685819285568,557.3105667319294,15.120673179626465
16000,0.998,2000,631.440209826262,600.3341962175193,30.391430854797363
16000,0.998,4000,514.3080352650592,473.42166987773857,61.10837459564209
16000,0.998,6000,449.05015328813477,407.52068539491046,90.79108238220215
16000,0.998,8000,424.2051893596132,404.87835422301623,120.6047534942627
16000,0.998,10000,451.66064961400315,408.76799243535356,149.6380090713501
16000,0.998,12000,455.8118768179944,432.1035324217269,179.09011840820312
16000,0.998,14000,458.2399526253169,422.0296857880841,210.17937660217285
16000,0.998,16000,441.87934054859926,391.7079642926658,238.50138187408447
16000,0.998,18000,452.1844280842571,393.1173590594687,270.5613136291504
16000,0.998,20000,457.810828420053,409.5847024995312,298.05102348327637
16000,0.999,1000,674.1480614808543,604.5336152066851,15.22369384765625
16000,0.999,2000,661.1267827439888,621.8606170217944,30.42299747467041
16000,0.999,4000,636.8179353168641,589.2605568998229,60.744619369506836
16000,0.999,6000,600.0533637304342,567.7755874184116,90.68677425384521
16000,0.999,8000,469.4894004331447,394.6983517351388,120.86126804351807
16000,0.999,10000,433.6219401568916,401.9728730307924,153.32329273223877
16000,0.999,12000,433.3550384120698,387.27454069247545,180.7662010192871
16000,0.999,14000,435.76402318755606,384.05605815089905,209.84649658203125
16000,0.999,16000,463.4806826481928,427.33763811957476,241.5544033050537
16000,0.999,18000,444.0334102796231,399.3835731983107,270.08399963378906
16000,0.999,20000,439.2478396971799,405.05902134420234,300.25808811187744
18000,0.7,1000,522.6097675797488,483.4305560719262,15.218043327331543
18000,0.7,2000,483.4000784975634,429.7852393603505,30.494070053100586
18000,0.7,4000,484.5171983641802,450.0543068725441,61.35680675506592
18000,0.7,6000,482.7839892764884,422.75231418913046,91.7299747467041
18000,0.7,8000,485.41449114965735,437.59438233626423,122.83756732940674
18000,0.7,10000,487.592094770897,437.9908197303878,153.04949283599854
18000,0.7,12000,468.4658731511066,427.8999425467438,183.0045461654663
18000,0.7,14000,490.83747120020564,440.0585377610455,213.58888149261475
18000,0.7,16000,483.1314673633732,410.9998481391558,242.67632961273193
18000,0.7,18000,473.3283153114618,408.547956400952,273.4386682510376
18000,0.7,20000,498.9759161969023,444.16557413394327,306.40437602996826
18000,0.8,1000,476.296023374146,431.69573678492134,15.291738510131836
18000,0.8,2000,489.0208289676997,446.8639793523713,30.03518581390381
18000,0.8,4000,484.9512578710311,448.43391930432887,60.410189628601074
18000,0.8,6000,487.80801795333883,444.5704376188993,90.25273323059082
18000,0.8,8000,496.2401349854181,418.8614406917303,119.41418647766113
18000,0.8,10000,496.52434364085747,438.43830646950465,150.1554012298584
18000,0.8,12000,468.70338990619246,413.19613354080207,179.95951175689697
18000,0.8,14000,515.2976946400868,446.35180347958357,211.97710037231445
18000,0.8,16000,502.6738683633077,435.0856258811529,241.70703887939453
18000,0.8,18000,488.4394966733727,414.52121645514114,271.40538692474365
18000,0.8,20000,485.3137427522491,434.3859995448388,296.0724353790283
18000,0.8,1000,516.9226469184698,477.15580921572354,15.00844955444336
18000,0.8,2000,485.15313150833737,422.19583077265503,30.344629287719727
18000,0.8,4000,500.9989953451429,418.47025773654474,59.99317169189453
18000,0.8,6000,486.1744440987868,433.41629120529717,90.23118019104004
18000,0.8,8000,490.86872273021106,412.0124771575509,120.11189460754395
18000,0.8,10000,491.1594889302204,433.1303918550939,152.23417282104492
18000,0.8,12000,502.5897546206594,450.86510858518466,179.36193943023682
18000,0.8,14000,515.1339090919062,457.171596233129,211.02323532104492
18000,0.8,16000,488.0546863078677,440.26422963814014,238.7885570526123
18000,0.8,18000,487.4729251109223,407.0275029318359,266.7241096496582
18000,0.8,20000,508.48724127637695,434.6789679091111,297.8515386581421
18000,0.9,1000,502.5693193555302,414.2568575288202,15.034842491149902
18000,0.9,2000,509.96941299727115,472.5929321577682,29.836368560791016
18000,0.9,4000,472.9107226071448,415.15456050719547,59.259748458862305
18000,0.9,6000,490.006019966674,420.34676677038686,89.46394920349121
18000,0.9,8000,485.17124529429884,419.5531975041119,120.34592628479004
18000,0.9,10000,495.436454211178,446.3824024970823,150.11649131774902
18000,0.9,12000,484.28246861483893,439.6103931814072,179.89118099212646
18000,0.9,14000,479.89360388082304,418.0716729932995,210.76595783233643
18000,0.9,16000,468.0003658062419,439.7390911530905,237.61005401611328
18000,0.9,18000,491.03295030393383,429.8725163729498,270.2876806259155
18000,0.9,20000,484.36246911047976,428.15628130010685,300.2892017364502
18000,0.9,1000,515.635816523697,454.85380344352455,15.123558044433594
18000,0.9,2000,510.59102670441115,470.03200064743123,30.388164520263672
18000,0.9,4000,513.6294240695624,460.9609784379131,60.19444465637207
18000,0.9,6000,491.73619898655295,411.2763780279939,90.24279117584229
18000,0.9,8000,490.8759927805847,424.1976839328337,119.88544464111328
18000,0.9,10000,502.1525799924428,439.8282211414613,150.28715133666992
18000,0.9,12000,477.9716701666275,444.01062466666104,180.69453239440918
18000,0.9,14000,509.20639718749965,447.558917201065,211.11352443695068
18000,0.9,16000,498.8341218365542,472.5785620422188,239.92106914520264
18000,0.9,18000,501.11284293422534,395.5631305168152,270.01543045043945
18000,0.9,20000,510.24927103194216,449.86646411544507,300.222110748291
18000,0.99,1000,514.2755057456636,461.3601836662884,15.231728553771973
18000,0.99,2000,474.1639046328866,429.07727729899034,30.318021774291992
18000,0.99,4000,474.9136469057893,441.0787017416262,59.862446784973145
18000,0.99,6000,498.59888835207096,442.144870262986,89.58356380462646
18000,0.99,8000,481.8310205296831,430.1052147634404,120.72083950042725
18000,0.99,10000,466.3601209756248,416.4797430177074,149.0983009338379
18000,0.99,12000,505.3888761919208,457.9613385176449,179.2879581451416
18000,0.99,14000,450.81179143284123,395.5908189574261,207.93335437774658
18000,0.99,16000,473.77701010663367,426.7190849675736,239.072847366333
18000,0.99,18000,467.8634426684832,383.5168302536042,270.25671005249023
18000,0.99,20000,473.3620109333251,404.5469976057807,300.90646743774414
18000,0.998,1000,685.6474354711366,651.2330941886986,15.235495567321777
18000,0.998,2000,639.322748004169,559.888503833022,30.446529388427734
18000,0.998,4000,530.8177187434727,472.54759269449085,60.155582427978516
18000,0.998,6000,463.4404831178614,419.09895049105705,90.14310836791992
18000,0.998,8000,462.2121312551509,432.8871824698567,120.38626670837402
18000,0.998,10000,442.25924578296747,402.0455841110321,151.8763780593872
18000,0.998,12000,465.89034116864224,430.82859587611466,179.76610660552979
18000,0.998,14000,449.04855410808597,392.9548975081283,208.95354747772217
18000,0.998,16000,458.6326838199002,405.1226794393373,241.88878536224365
18000,0.998,18000,458.5965414109868,429.2825651658302,268.84920597076416
18000,0.998,20000,441.01384046668636,388.32579917828923,297.49510288238525
18000,0.999,1000,665.895833606734,639.8348322665985,15.167617797851562
18000,0.999,2000,646.886116053518,600.84195998425,30.296683311462402
18000,0.999,4000,634.6690446486621,609.859239069409,60.72499752044678
18000,0.999,6000,612.3943920014583,590.6772800914124,91.30051136016846
18000,0.999,8000,507.2975958318747,461.3738573176424,120.67880630493164
18000,0.999,10000,443.2570830773193,398.1568631781552,151.10547542572021
18000,0.999,12000,450.45592704377634,399.3835731983107,180.25174140930176
18000,0.999,14000,432.23097096889694,395.37579310067946,210.52496433258057
18000,0.999,16000,456.3115439515718,398.7175570816065,241.11533164978027
18000,0.999,18000,439.6698079378948,409.8206941080422,271.8334674835205
18000,0.999,20000,427.47004182914026,392.8871750579567,300.3354787826538
20000,0.7,1000,486.6548092957179,395.8784925825668,14.899611473083496
20000,0.7,2000,497.43605678799213,419.5230390358974,30.350923538208008
20000,0.7,4000,498.0138557592936,464.9450115446234,59.960007667541504
20000,0.7,6000,480.11845054750376,408.7657524086753,90.23640155792236
20000,0.7,8000,496.0938449645848,440.5444182298337,119.76723670959473
20000,0.7,10000,490.3853249508102,458.69192762646634,150.0300168991089
20000,0.7,12000,457.93339811774894,402.900597310992,179.7637701034546
20000,0.7,14000,483.75533557118587,432.29151905570995,210.28485298156738
20000,0.7,16000,499.3648294466222,447.2719165130266,241.18614196777344
20000,0.7,18000,479.1241378472736,439.2234144732614,267.11416244506836
20000,0.7,20000,485.81448414754186,410.64190623795866,300.45647621154785
20000,0.8,1000,508.20855874475535,471.0136121963016,15.104031562805176
20000,0.8,2000,492.05620769053087,455.38032936140223,30.162763595581055
20000,0.8,4000,487.2866338864351,441.5781342966708,60.324907302856445
20000,0.8,6000,495.00848099948035,462.7173971930845,89.8616075515747
20000,0.8,8000,465.56564700052024,407.02985685517893,121.40445709228516
20000,0.8,10000,465.3220637390929,407.2982521826259,150.77579021453857
20000,0.8,12000,502.4011559165021,456.7619771137837,178.73682975769043
20000,0.8,14000,479.25810694111425,430.8573549483578,209.50124263763428
20000,0.8,16000,493.25299418072746,458.2903964999949,241.38998985290527
20000,0.8,18000,476.9679111517804,428.09956860230125,270.9247589111328
20000,0.8,20000,481.50106733368705,429.84754890996356,302.61504650115967
20000,0.8,1000,489.80721805194105,439.62313633963754,14.957952499389648
20000,0.8,2000,485.7345697004877,401.53507583047343,30.1999568939209
20000,0.8,4000,514.6469141096729,446.32497889953106,60.16089916229248
20000,0.8,6000,483.99678153102485,429.0034487640479,90.28902053833008
20000,0.8,8000,484.05772678422954,415.5766418297686,118.86210441589355
20000,0.8,10000,464.85152254915437,415.58223709172245,150.22201538085938
20000,0.8,12000,497.2251435546574,442.73039049023936,178.86159420013428
20000,0.8,14000,452.24957751172707,418.08656432944605,211.4180564880371
20000,0.8,16000,481.4856485668971,447.7725193218075,240.26305675506592
20000,0.8,18000,494.92635625907417,456.0073409455292,268.27986240386963
20000,0.8,20000,488.694183443071,418.34356835087465,299.18620586395264
20000,0.9,1000,492.7019369886692,446.95706727856464,15.100884437561035
20000,0.9,2000,482.6128132380295,444.4551596503734,29.99715805053711
20000,0.9,4000,478.09754624887745,420.4843070030056,60.370755195617676
20000,0.9,6000,475.4959077598128,435.3198003175927,89.40117359161377
20000,0.9,8000,474.72700143967677,414.3594537637321,120.02520561218262
20000,0.9,10000,492.0628301924221,432.74908824883425,151.50389671325684
20000,0.9,12000,483.23651485202424,401.04509225914546,179.84929084777832
20000,0.9,14000,480.2991964867162,420.5139037627777,208.64229202270508
20000,0.9,16000,504.02969518986566,448.29638092544536,239.30346965789795
20000,0.9,18000,473.1100376164321,432.9571587156913,271.8914031982422
20000,0.9,20000,470.9690133735345,414.0991934011494,299.21581745147705
20000,0.9,1000,500.16111715493963,453.8190779416609,15.130782127380371
20000,0.9,2000,488.9282976788889,447.5634622117651,29.941749572753906
20000,0.9,4000,500.9081909809955,462.47263841013023,60.26031970977783
20000,0.9,6000,498.5628913249053,469.99790420679903,89.83571529388428
20000,0.9,8000,483.8415468567242,426.2188568364535,119.99270915985107
20000,0.9,10000,494.28361013631746,429.4369933405012,150.48341751098633
20000,0.9,12000,488.1477994756039,418.9754253103738,179.6339750289917
20000,0.9,14000,475.28296395417226,452.4460184138648,211.57002449035645
20000,0.9,16000,469.96716335761823,402.648537431467,238.69340419769287
20000,0.9,18000,492.44366286525894,433.61009536096276,268.14374923706055
20000,0.9,20000,468.1008967967099,433.9937512694599,301.8440008163452
20000,0.99,1000,533.0820940782407,472.1225856734222,15.18392562866211
20000,0.99,2000,493.90366106439535,426.15922809364713,30.008578300476074
20000,0.99,4000,477.15885250315904,431.66236074775605,59.876084327697754
20000,0.99,6000,474.2062032869052,425.74724362583487,91.00522994995117
20000,0.99,8000,469.73654414633927,428.5097669492677,120.13261318206787
20000,0.99,10000,475.88515889853596,447.38029290022615,149.57966804504395
20000,0.99,12000,454.6776589909242,393.25695136516595,179.32531833648682
20000,0.99,14000,475.4595852548824,437.5384354376508,209.38174724578857
20000,0.99,16000,457.8251142915904,412.78997266527693,239.33346271514893
20000,0.99,18000,491.80395186846937,409.960120986376,264.8972988128662
20000,0.99,20000,475.7858367564257,441.42087181673236,299.91204738616943
20000,0.998,1000,657.6129276902932,586.6391041153328,15.123271942138672
20000,0.998,2000,656.2668533264589,614.5464128602738,30.236244201660156
20000,0.998,4000,527.2946277432056,421.213538209585,62.79449462890625
20000,0.998,6000,453.6762657758838,420.9007461115164,91.12401008605957
20000,0.998,8000,451.0961717904517,409.25453332702716,120.71526050567627
20000,0.998,10000,452.69706577672406,403.62581919744576,150.85976123809814
20000,0.998,12000,439.99165494250684,392.8871750579567,179.42581176757812
20000,0.998,14000,447.5425769891348,400.30686464965197,211.62357330322266
20000,0.998,16000,427.7718168785718,406.91631570635025,238.42666149139404
20000,0.998,18000,449.06702844321705,418.06695731659846,267.7074670791626
20000,0.998,20000,458.26106858792065,398.21613260601293,297.7064609527588
20000,0.999,1000,649.0761282630934,582.0395611945943,15.087723731994629
20000,0.999,2000,645.0427101972355,593.796035125766,30.451321601867676
20000,0.999,4000,633.3076576140203,601.428803230084,60.796308517456055
20000,0.999,6000,607.8024743947851,540.0727795202233,89.93666172027588
20000,0.999,8000,476.33659977304126,427.54261697567824,120.32999992370605
20000,0.999,10000,436.33540391755497,399.3835731983107,155.9025526046753
20000,0.999,12000,439.9520072927867,384.68084718659975,181.65361881256104
20000,0.999,14000,450.5937503397796,406.61220215513293,212.601637840271
20000,0.999,16000,433.2214163723291,395.6358415970549,242.09070205688477
20000,0.999,18000,439.28108010491405,399.3861929703201,272.80306816101074
20000,0.999,20000,445.7027017689872,411.3507180624954,302.3317813873291
